{
	"code": 200,
	"data": [
		{
			"path": "/menu1/index",
			"name": "menu1",
			"component": "/menu1/index",
			"meta": {
				"icon": "Grid",
				"title": "菜单1",
				"isLink": "",
				"isHide": false,
				"isFull": false,
				"isAffix": true,
				"isKeepAlive": true
			}
		},
		{
			"path": "/menu2",
			"name": "menu2",
			"redirect": "/menu2/menu2-1",
			"meta": {
				"icon": "Grid",
				"title": "菜单2",
				"isLink": "",
				"isHide": false,
				"isFull": false,
				"isAffix": false,
				"isKeepAlive": true
			},
			"children": [
				{
					"path": "/menu2/menu2-1",
					"name": "menu2-1",
					"component": "/menu2/menu2-1/index",
					"meta": {
						"icon": "Grid",
						"title": "菜单2-1",
						"isLink": "",
						"isHide": false,
						"isFull": false,
						"isAffix": false,
						"isKeepAlive": true
					}
				},
				{
					"path": "/serviceComposition/logDetail",
					"name": "logDetail",
					"component": "/serviceComposition/operationLog/logDetail/index",
					"meta": {
						"icon": "MessageBox",
						"title": "操作日志详情",
						"isLink": "",
						"isHide": true,
						"isFull": false,
						"isAffix": false,
						"isKeepAlive": true
					}
				},
				{
					"path": "/dataSourceManage",
					"name": "dataSourceManage",
					"component": "/dataSourceManage/index",
					"meta": {
						"icon": "MessageBox",
						"title": "数据源管理",
						"isLink": "",
						"isHide": false,
						"isFull": false,
						"isAffix": false,
						"isKeepAlive": true
					}
				},
				{
					"path": "/routingService",
					"name": "routingService",
					"component": "/routingService/index",
					"meta": {
						"icon": "MessageBox",
						"title": "路由服务",
						"isLink": "",
						"isHide": false,
						"isFull": false,
						"isAffix": false,
						"isKeepAlive": true
					}
				},
				{
					"path": "/dataOutputSideManage",
					"name": "dataOutputSideManage",
					"component": "/dataOutputSideManage/index",
					"meta": {
						"icon": "MessageBox",
						"title": "输出管理",
						"isLink": "",
						"isHide": false,
						"isFull": false,
						"isAffix": false,
						"isKeepAlive": true
					}
				},
				{
					"path": "/outputManageDetails",
					"name": "outputManageDetails",
					"component": "/dataOutputSideManage/outputManageDetails",
					"meta": {
						"icon": "MessageBox",
						"title": "输出管理详情页",
						"isLink": "",
						"isHide": true,
						"isFull": false,
						"isAffix": false,
						"isKeepAlive": true
					}
				},
				{
					"path": "/dataInputSideManage",
					"name": "dataInputSideManage",
					"component": "/dataInputSideManage/index",
					"meta": {
						"icon": "MessageBox",
						"title": "输入管理",
						"isLink": "",
						"isHide": false,
						"isFull": false,
						"isAffix": false,
						"isKeepAlive": true
					}
				},
				{
					"path": "/inputManageDetails",
					"name": "inputManageDetails",
					"component": "/dataInputSideManage/inputManageDetails",
					"meta": {
						"icon": "MessageBox",
						"title": "输入管理详情页",
						"isLink": "",
						"isHide": true,
						"isFull": false,
						"isAffix": false,
						"isKeepAlive": true
					}
				},
				{
					"path": "/listOfPartners",
					"name": "listOfPartners",
					"component": "/listOfPartners/index",
					"meta": {
						"icon": "MessageBox",
						"title": "合作方列表",
						"isLink": "",
						"isHide": false,
						"isFull": false,
						"isAffix": false,
						"isKeepAlive": true
					}
				},
				{
					"path": "/partnerDetails",
					"name": "partnerDetails",
					"component": "/listOfPartners/components/partnerDetails",
					"meta": {
						"icon": "MessageBox",
						"title": "合作方详情",
						"isLink": "",
						"isHide": true,
						"isFull": false,
						"isAffix": false,
						"isKeepAlive": true
					}
				},
				{
					"path": "/notificationManage",
					"name": "notificationManage",
					"component": "/notificationManage/index",
					"meta": {
						"icon": "MessageBox",
						"title": "通知管理",
						"isLink": "",
						"isHide": false,
						"isFull": false,
						"isAffix": false,
						"isKeepAlive": true
					}
				},
				{
					"path": "/testInterface",
					"name": "testInterface",
					"component": "/testInterface/index",
					"meta": {
						"icon": "MessageBox",
						"title": "测试接口页面",
						"isLink": "",
						"isHide": true,
						"isFull": false,
						"isAffix": false,
						"isKeepAlive": true
					}
				}

			]
		}
	],
	"msg": "成功"
}
