{
  "code": 200,
  "data": {
      "token": "751e9e3a-86af-4be1-b69f-90698cee5eb3",
      "userInfoVo": {
          "deptTreeVoList": [],
          "menuVoList": [
            {
              "affix": 0,
              "childrenList": [
                  {
                      "affix": 0,
                      "childrenList": [
                          {
                              "affix": 0,
                              "childrenList": [
                                  
                                  
                              ],
                              "component": "/homeTop/homeMid/home/index",
                              "hidden": 0,
                              "id": 66,
                              "keepAlive": 1,
                              "path": "_1_64_65_",
                              "permission": "partner",
                              "pid": 65,
                              "redirect": "/homeTop/homeMid/home",
                              "router": "home",
                              "sort": 1,
                              "title": "首页",
                              "type": 3
                          }
                      ],
                      "hidden": 0,
                      "icon": "icon-zhongchengduhezuofang",
                      "id": 65,
                      "keepAlive": 1,
                      "path": "_1_64_",
                      "pid": 64,
                      "redirect": "/homeTop/homeMid",
                      "router": "homeMid",
                      "sort": 1,
                      "title": "首页Mid",
                      "type": 2
                  }
              ],
              "hidden": 0,
              "id": 64,
              "keepAlive": 1,
              "path": "_1_",
              "pid": 1,
              "redirect": "/homeTop",
              "router": "homeTop",
              "sort": 2,
              "title": "首页top",
              "type": 1
          }
              
              
              
              
              
          ],
          "sysRoleList": [
              {
                  "code": "SuperAdministrator",
                  "createBy": "Admin",
                  "createTime": "2023-01-10 11:37:23",
                  "dataScope": 1,
                  "description": "初始角色，不支持停用，管理所有部门",
                  "id": 1,
                  "name": "超级管理员",
                  "updateBy": "Admin",
                  "updateTime": "2023-07-07 15:14:33"
              }
          ],
          "sysUser": {
              "avatarUrl": "http://172.16.1.44:9000/ocr/2023/10/09/avatar/1696816145621_logo.png",
              "createBy": "Admin",
              "createTime": "2023-07-10 11:01:24",
              "deleted": 0,
              "email": "123@qwe.com",
              "enabled": 1,
              "id": 29,
              "lastLoginTime": "2023-10-10 14:39:23",
              "nickName": "hza1234",
              "password": "$2a$10$QWAydkz37QzESKpbl29bMuZTPQF8g1VeQNYAjPROJjI5JLYrj1D2O",
              "phone": "13145678900",
              "updateBy": "hza1234",
              "updateTime": "2023-10-10 14:39:23",
              "username": "hza1234"
          }
      }
  },
  "msg": "success"
}